First ID,Loci typed,Second ID,Loci typed,Matching loci,Mismatching loci,pID,pIDsib,Status
APCL_L0261,1417,APCL_L1231,1439,1348,69, 0.00000000000000E+0000, 0.00000000000000E+0000,Fuzzy match
APCL_L0277,1425,APCL_L2415,1259,1183,58, 0.00000000000000E+0000, 0.00000000000000E+0000,Fuzzy match
APCL_L0285,1447,APCL_L2563,1447,1398,49, 0.00000000000000E+0000, 0.00000000000000E+0000,Fuzzy match
APCL_L0308.L3599,1447,APCL_L1761,1416,1363,53, 0.00000000000000E+0000, 0.00000000000000E+0000,Fuzzy match
APCL_L0311,1443,APCL_L1766,1426,1345,81, 0.00000000000000E+0000, 0.00000000000000E+0000,Fuzzy match
APCL_L0315,1443,APCL_L2269,1367,1278,89, 0.00000000000000E+0000, 0.00000000000000E+0000,Fuzzy match
APCL_L0316,1433,APCL_L2434,1434,1370,54, 0.00000000000000E+0000, 0.00000000000000E+0000,Fuzzy match
APCL_L0327,1440,APCL_L2436,1428,1351,70, 0.00000000000000E+0000, 0.00000000000000E+0000,Fuzzy match
APCL_L0340,1447,APCL_L2437,1447,1384,63, 0.00000000000000E+0000, 0.00000000000000E+0000,Fuzzy match
APCL_L0341,1444,APCL_L2319,1439,1349,87, 0.00000000000000E+0000, 0.00000000000000E+0000,Fuzzy match
APCL_L0344,1447,APCL_L0691,1443,1355,88, 0.00000000000000E+0000, 0.00000000000000E+0000,Fuzzy match
APCL_L0346,1447,APCL_L2368,1444,1372,72, 0.00000000000000E+0000, 0.00000000000000E+0000,Fuzzy match
APCL_L0372,1440,APCL_L2226,1301,1227,74, 0.00000000000000E+0000, 0.00000000000000E+0000,Fuzzy match
APCL_L0373,1442,APCL_L2481,1442,1387,55, 0.00000000000000E+0000, 0.00000000000000E+0000,Fuzzy match
APCL_L0379,1445,APCL_L2373,1359,1311,46, 0.00000000000000E+0000, 0.00000000000000E+0000,Fuzzy match
APCL_L0388,1445,APCL_L2372,1430,1361,67, 0.00000000000000E+0000, 0.00000000000000E+0000,Fuzzy match
APCL_L0391,1446,APCL_L2375,1416,1361,55, 0.00000000000000E+0000, 0.00000000000000E+0000,Fuzzy match
APCL_L0395,1441,APCL_L2476,1446,1364,76, 0.00000000000000E+0000, 0.00000000000000E+0000,Fuzzy match
APCL_L0410,1433,APCL_L2431,1429,1360,60, 0.00000000000000E+0000, 0.00000000000000E+0000,Fuzzy match
APCL_L0416,1439,APCL_L2569,1447,1381,58, 0.00000000000000E+0000, 0.00000000000000E+0000,Fuzzy match
APCL_L0417,1445,APCL_L2570,1447,1396,49, 0.00000000000000E+0000, 0.00000000000000E+0000,Fuzzy match
APCL_L0420,1406,APCL_L2571,1447,1334,72, 0.00000000000000E+0000, 0.00000000000000E+0000,Fuzzy match
APCL_L0434,1445,APCL_L0947,1401,1340,59, 0.00000000000000E+0000, 0.00000000000000E+0000,Fuzzy match
APCL_L0434,1445,APCL_L2676,1405,1329,74, 0.00000000000000E+0000, 0.00000000000000E+0000,Fuzzy match
APCL_L0434,1445,APCL_L5446.F,1447,1376,69, 0.00000000000000E+0000, 0.00000000000000E+0000,Fuzzy match
APCL_L0596,1289,APCL_L3888.F,1447,1236,53, 0.00000000000000E+0000, 0.00000000000000E+0000,Fuzzy match
APCL_L0601,1299,APCL_L2848,1428,1230,61, 0.00000000000000E+0000, 0.00000000000000E+0000,Fuzzy match
APCL_L0613,1264,APCL_L3879.F,1447,1220,44, 0.00000000000000E+0000, 0.00000000000000E+0000,Fuzzy match
APCL_L0621,1282,APCL_L5019.F,1433,1235,41, 0.00000000000000E+0000, 0.00000000000000E+0000,Fuzzy match
APCL_L0626,1239,APCL_L4435,1447,1176,63, 0.00000000000000E+0000, 0.00000000000000E+0000,Fuzzy match
APCL_L0626,1239,APCL_L5457.F,1447,1177,62, 0.00000000000000E+0000, 0.00000000000000E+0000,Fuzzy match
APCL_L0631,1238,APCL_L2862,1442,1178,56, 0.00000000000000E+0000, 0.00000000000000E+0000,Fuzzy match
APCL_L0653,1437,APCL_L2752,1401,1333,58, 0.00000000000000E+0000, 0.00000000000000E+0000,Fuzzy match
APCL_L0653,1437,APCL_L5254.F,1447,1401,36, 0.00000000000000E+0000, 0.00000000000000E+0000,Fuzzy match
APCL_L0655,1431,APCL_L2268,1333,1221,100, 0.00000000000000E+0000, 0.00000000000000E+0000,Fuzzy match
APCL_L0658,1430,APCL_L0923,1447,1396,34, 0.00000000000000E+0000, 0.00000000000000E+0000,Fuzzy match
APCL_L0670,1443,APCL_L0726,1447,1412,31, 0.00000000000000E+0000, 0.00000000000000E+0000,Fuzzy match
APCL_L0677,1447,APCL_L0730,1447,1384,63, 0.00000000000000E+0000, 0.00000000000000E+0000,Fuzzy match
APCL_L0677,1447,APCL_L2607,1315,1264,51, 0.00000000000000E+0000, 0.00000000000000E+0000,Fuzzy match
APCL_L0677,1447,APCL_L5615,1447,1408,39, 0.00000000000000E+0000, 0.00000000000000E+0000,Fuzzy match
APCL_L0678,1447,APCL_L0737,1383,1324,59, 0.00000000000000E+0000, 0.00000000000000E+0000,Fuzzy match
APCL_L0683,1447,APCL_L1013,1445,1420,25, 0.00000000000000E+0000, 0.00000000000000E+0000,Fuzzy match
APCL_L0687,1446,APCL_L5050.F,1447,1354,92, 0.00000000000000E+0000, 0.00000000000000E+0000,Fuzzy match
APCL_L0690,1443,APCL_L2318,1431,1370,58, 0.00000000000000E+0000, 0.00000000000000E+0000,Fuzzy match
APCL_L0696,1442,APCL_L0712,1447,1402,40, 0.00000000000000E+0000, 0.00000000000000E+0000,Fuzzy match
APCL_L0697,1441,APCL_L0922,1441,1419,22, 0.00000000000000E+0000, 0.00000000000000E+0000,Fuzzy match
APCL_L0700,1418,APCL_L2745,1372,1268,79, 0.00000000000000E+0000, 0.00000000000000E+0000,Fuzzy match
APCL_L0700,1418,APCL_L3293,1447,1336,82, 0.00000000000000E+0000, 0.00000000000000E+0000,Fuzzy match
APCL_L0700,1418,APCL_L3376.F,1447,1351,67, 0.00000000000000E+0000, 0.00000000000000E+0000,Fuzzy match
APCL_L0702,1441,APCL_L2779,1447,1381,60, 0.00000000000000E+0000, 0.00000000000000E+0000,Fuzzy match
APCL_L0702,1441,APCL_L3356.F,1447,1380,61, 0.00000000000000E+0000, 0.00000000000000E+0000,Fuzzy match
APCL_L0705,1389,APCL_L2919,1435,1330,51, 0.00000000000000E+0000, 0.00000000000000E+0000,Fuzzy match
APCL_L0708,1437,APCL_L2828,1417,1326,81, 0.00000000000000E+0000, 0.00000000000000E+0000,Fuzzy match
APCL_L0713,1434,APCL_L2634,1313,1234,74, 0.00000000000000E+0000, 0.00000000000000E+0000,Fuzzy match
APCL_L0719,1414,APCL_L2238,1295,1199,71, 0.00000000000000E+0000, 0.00000000000000E+0000,Fuzzy match
APCL_L0719,1414,APCL_L2554,1445,1359,55, 0.00000000000000E+0000, 0.00000000000000E+0000,Fuzzy match
APCL_L0720,1443,APCL_L2823,1436,1391,45, 0.00000000000000E+0000, 0.00000000000000E+0000,Fuzzy match
APCL_L0721,1447,APCL_L2463,1447,1400,47, 0.00000000000000E+0000, 0.00000000000000E+0000,Fuzzy match
APCL_L0723,1440,APCL_L4888.F,1447,1398,42, 0.00000000000000E+0000, 0.00000000000000E+0000,Fuzzy match
APCL_L0727,1447,APCL_L2612,1430,1385,45, 0.00000000000000E+0000, 0.00000000000000E+0000,Fuzzy match
APCL_L0730,1447,APCL_L2607,1315,1239,76, 0.00000000000000E+0000, 0.00000000000000E+0000,Fuzzy match
APCL_L0730,1447,APCL_L5615,1447,1387,60, 0.00000000000000E+0000, 0.00000000000000E+0000,Fuzzy match
APCL_L0732,1438,APCL_L5180.F,1447,1383,55, 0.00000000000000E+0000, 0.00000000000000E+0000,Fuzzy match
APCL_L0739,1439,APCL_L2927,1439,1395,39, 0.00000000000000E+0000, 0.00000000000000E+0000,Fuzzy match
APCL_L0740,1444,APCL_L2992,1318,1242,76, 0.00000000000000E+0000, 0.00000000000000E+0000,Fuzzy match
APCL_L0750,1441,APCL_L2599,1431,1371,54, 0.00000000000000E+0000, 0.00000000000000E+0000,Fuzzy match
APCL_L0751,1447,APCL_L3043,1372,1303,69, 0.00000000000000E+0000, 0.00000000000000E+0000,Fuzzy match
APCL_L0751,1447,APCL_L3354.F,1447,1403,44, 0.00000000000000E+0000, 0.00000000000000E+0000,Fuzzy match
APCL_L0752,1447,APCL_L2606,1431,1376,55, 0.00000000000000E+0000, 0.00000000000000E+0000,Fuzzy match
APCL_L0752,1447,APCL_L4907.F,1447,1407,40, 0.00000000000000E+0000, 0.00000000000000E+0000,Fuzzy match
APCL_L0759,1446,APCL_L2991,1327,1246,81, 0.00000000000000E+0000, 0.00000000000000E+0000,Fuzzy match
APCL_L0760,1440,APCL_L3047,1405,1316,85, 0.00000000000000E+0000, 0.00000000000000E+0000,Fuzzy match
APCL_L0761,1434,APCL_L2753,1245,1194,38, 0.00000000000000E+0000, 0.00000000000000E+0000,Fuzzy match
APCL_L0771,1447,APCL_L2615,1421,1367,54, 0.00000000000000E+0000, 0.00000000000000E+0000,Fuzzy match
APCL_L0780,1443,APCL_L3080,1438,1366,72, 0.00000000000000E+0000, 0.00000000000000E+0000,Fuzzy match
APCL_L0783,1447,APCL_L2780,1447,1363,84, 0.00000000000000E+0000, 0.00000000000000E+0000,Fuzzy match
APCL_L0783,1447,APCL_L3605.F,1447,1353,94, 0.00000000000000E+0000, 0.00000000000000E+0000,Fuzzy match
APCL_L0785,1447,APCL_L2949,1447,1368,79, 0.00000000000000E+0000, 0.00000000000000E+0000,Fuzzy match
APCL_L0785,1447,APCL_L4984.F,1435,1356,79, 0.00000000000000E+0000, 0.00000000000000E+0000,Fuzzy match
APCL_L0788,1446,APCL_L3085,1425,1365,59, 0.00000000000000E+0000, 0.00000000000000E+0000,Fuzzy match
APCL_L0798,1443,APCL_L2907,1412,1346,62, 0.00000000000000E+0000, 0.00000000000000E+0000,Fuzzy match
APCL_L0798,1443,APCL_L3560.F,1447,1403,40, 0.00000000000000E+0000, 0.00000000000000E+0000,Fuzzy match
APCL_L0801,1445,APCL_L2849,1426,1327,99, 0.00000000000000E+0000, 0.00000000000000E+0000,Fuzzy match
APCL_L0802,1447,APCL_L2812,1366,1308,58, 0.00000000000000E+0000, 0.00000000000000E+0000,Fuzzy match
APCL_L0803,1442,APCL_L2913,1443,1358,84, 0.00000000000000E+0000, 0.00000000000000E+0000,Fuzzy match
APCL_L0803,1442,APCL_L3562.F,1443,1367,75, 0.00000000000000E+0000, 0.00000000000000E+0000,Fuzzy match
APCL_L0804,1447,APCL_L2781,1439,1393,46, 0.00000000000000E+0000, 0.00000000000000E+0000,Fuzzy match
APCL_L0804,1447,APCL_L4978.F,1277,1248,29, 0.00000000000000E+0000, 0.00000000000000E+0000,Fuzzy match
APCL_L0804,1447,APCL_L5026.F,1447,1417,30, 0.00000000000000E+0000, 0.00000000000000E+0000,Fuzzy match
APCL_L0805,1447,APCL_L2777,1447,1400,47, 0.00000000000000E+0000, 0.00000000000000E+0000,Fuzzy match
APCL_L0806,1447,APCL_L1018,1414,1283,131, 0.00000000000000E+0000, 0.00000000000000E+0000,Fuzzy match
APCL_L0820,1447,APCL_L2802,1365,1319,46, 0.00000000000000E+0000, 0.00000000000000E+0000,Fuzzy match
APCL_L0822,1267,APCL_L5293.F,1447,1222,45, 0.00000000000000E+0000, 0.00000000000000E+0000,Fuzzy match
APCL_L0827,1396,APCL_L2939,1405,1285,71, 0.00000000000000E+0000, 0.00000000000000E+0000,Fuzzy match
APCL_L0874,1325,APCL_L0921,1447,1296,29, 0.00000000000000E+0000, 0.00000000000000E+0000,Fuzzy match
APCL_L0884,1447,APCL_L2756,1383,1321,62, 0.00000000000000E+0000, 0.00000000000000E+0000,Fuzzy match
APCL_L0893,1447,APCL_L2292,1266,1206,60, 0.00000000000000E+0000, 0.00000000000000E+0000,Fuzzy match
APCL_L0895,1447,APCL_L2792,1416,1367,49, 0.00000000000000E+0000, 0.00000000000000E+0000,Fuzzy match
APCL_L0897,1440,APCL_L2824,1447,1401,39, 0.00000000000000E+0000, 0.00000000000000E+0000,Fuzzy match
APCL_L0898,1447,APCL_L2899,1447,1403,44, 0.00000000000000E+0000, 0.00000000000000E+0000,Fuzzy match
APCL_L0906,1443,APCL_L2687,1369,1304,61, 0.00000000000000E+0000, 0.00000000000000E+0000,Fuzzy match
APCL_L0906,1443,APCL_L5438.F,1447,1405,38, 0.00000000000000E+0000, 0.00000000000000E+0000,Fuzzy match
APCL_L0925,1442,APCL_L3650.F,1442,1405,37, 0.00000000000000E+0000, 0.00000000000000E+0000,Fuzzy match
APCL_L0927,1444,APCL_L2600,1447,1374,70, 0.00000000000000E+0000, 0.00000000000000E+0000,Fuzzy match
APCL_L0930,1385,APCL_L2374,1390,1242,87, 0.00000000000000E+0000, 0.00000000000000E+0000,Fuzzy match
APCL_L0931,1445,APCL_L2775,1297,1229,66, 0.00000000000000E+0000, 0.00000000000000E+0000,Fuzzy match
APCL_L0933,1447,APCL_L2629,1262,1194,68, 0.00000000000000E+0000, 0.00000000000000E+0000,Fuzzy match
APCL_L0934,1418,APCL_L5227.F,1447,1365,53, 0.00000000000000E+0000, 0.00000000000000E+0000,Fuzzy match
APCL_L0935,1429,APCL_L2790,1447,1371,58, 0.00000000000000E+0000, 0.00000000000000E+0000,Fuzzy match
APCL_L0936,1422,APCL_L2909,1443,1374,48, 0.00000000000000E+0000, 0.00000000000000E+0000,Fuzzy match
APCL_L0936,1422,APCL_L3263.L3437,1443,1378,44, 0.00000000000000E+0000, 0.00000000000000E+0000,Fuzzy match
APCL_L0936,1422,APCL_L3638.F,1443,1367,55, 0.00000000000000E+0000, 0.00000000000000E+0000,Fuzzy match
APCL_L0936,1422,APCL_L5452.F,1443,1382,40, 0.00000000000000E+0000, 0.00000000000000E+0000,Fuzzy match
APCL_L0945,1423,APCL_L2815,1442,1369,54, 0.00000000000000E+0000, 0.00000000000000E+0000,Fuzzy match
APCL_L0947,1401,APCL_L2676,1405,1315,52, 0.00000000000000E+0000, 0.00000000000000E+0000,Fuzzy match
APCL_L0947,1401,APCL_L5446.F,1447,1361,40, 0.00000000000000E+0000, 0.00000000000000E+0000,Fuzzy match
APCL_L0951,1442,APCL_L2620,1443,1366,72, 0.00000000000000E+0000, 0.00000000000000E+0000,Fuzzy match
APCL_L0953,1447,APCL_L2856,1428,1375,53, 0.00000000000000E+0000, 0.00000000000000E+0000,Fuzzy match
APCL_L0954,1436,APCL_L2597,1442,1375,61, 0.00000000000000E+0000, 0.00000000000000E+0000,Fuzzy match
APCL_L0963,1447,APCL_L2799,1439,1396,43, 0.00000000000000E+0000, 0.00000000000000E+0000,Fuzzy match
APCL_L0963,1447,APCL_L5002.F,1437,1407,30, 0.00000000000000E+0000, 0.00000000000000E+0000,Fuzzy match
APCL_L0964,1434,APCL_L2782,1431,1375,48, 0.00000000000000E+0000, 0.00000000000000E+0000,Fuzzy match
APCL_L0974,1415,APCL_L5107.F,1447,1386,29, 0.00000000000000E+0000, 0.00000000000000E+0000,Fuzzy match
APCL_L0979,1447,APCL_L0980,1447,1442,5, 0.00000000000000E+0000, 0.00000000000000E+0000,Fuzzy match
APCL_L0983,1447,APCL_L2942,1434,1387,47, 0.00000000000000E+0000, 0.00000000000000E+0000,Fuzzy match
APCL_L0983,1447,APCL_L5053.F,1447,1404,43, 0.00000000000000E+0000, 0.00000000000000E+0000,Fuzzy match
APCL_L0989,1443,APCL_L2912,1443,1415,28, 0.00000000000000E+0000, 0.00000000000000E+0000,Fuzzy match
APCL_L0989,1443,APCL_L3355.F,1447,1400,43, 0.00000000000000E+0000, 0.00000000000000E+0000,Fuzzy match
APCL_L0993,1443,APCL_L2826,1420,1286,134, 0.00000000000000E+0000, 0.00000000000000E+0000,Fuzzy match
APCL_L0998,1443,APCL_L3106.L3597,1447,1379,64, 0.00000000000000E+0000, 0.00000000000000E+0000,Fuzzy match
APCL_L1004,1447,APCL_L4997.F,1442,1325,117, 0.00000000000000E+0000, 0.00000000000000E+0000,Fuzzy match
APCL_L1007,1444,APCL_L2808,1409,1336,73, 0.00000000000000E+0000, 0.00000000000000E+0000,Fuzzy match
APCL_L1007,1444,APCL_L5009.F,1365,1299,66, 0.00000000000000E+0000, 0.00000000000000E+0000,Fuzzy match
APCL_L1014,1422,APCL_L2959,1433,1361,47, 0.00000000000000E+0000, 0.00000000000000E+0000,Fuzzy match
APCL_L1020,1407,APCL_L3608.F,1447,1330,77, 0.00000000000000E+0000, 0.00000000000000E+0000,Fuzzy match
APCL_L1020,1407,APCL_L5203.F,1447,1351,56, 0.00000000000000E+0000, 0.00000000000000E+0000,Fuzzy match
APCL_L1072,1445,APCL_L3295,1447,1390,55, 0.00000000000000E+0000, 0.00000000000000E+0000,Fuzzy match
APCL_L1084,1435,APCL_L1092,1447,1403,32, 0.00000000000000E+0000, 0.00000000000000E+0000,Fuzzy match
APCL_L1102,1432,APCL_L2348,1309,1251,51, 0.00000000000000E+0000, 0.00000000000000E+0000,Fuzzy match
APCL_L1172,1351,APCL_L2791,1438,1283,61, 0.00000000000000E+0000, 0.00000000000000E+0000,Fuzzy match
APCL_L1197,1281,APCL_L5128.F,1436,1227,54, 0.00000000000000E+0000, 0.00000000000000E+0000,Fuzzy match
APCL_L1198,1310,APCL_L2870,1415,1221,63, 0.00000000000000E+0000, 0.00000000000000E+0000,Fuzzy match
APCL_L1199,1335,APCL_L2869,1444,1275,57, 0.00000000000000E+0000, 0.00000000000000E+0000,Fuzzy match
APCL_L1201,1396,APCL_L2625,1408,1290,78, 0.00000000000000E+0000, 0.00000000000000E+0000,Fuzzy match
APCL_L1203,1374,APCL_L2618,1399,1257,71, 0.00000000000000E+0000, 0.00000000000000E+0000,Fuzzy match
APCL_L1204,1393,APCL_L2623,1447,1334,59, 0.00000000000000E+0000, 0.00000000000000E+0000,Fuzzy match
APCL_L1205,1371,APCL_L2843,1447,1318,53, 0.00000000000000E+0000, 0.00000000000000E+0000,Fuzzy match
APCL_L1206,1237,APCL_L1218,1441,1171,63, 0.00000000000000E+0000, 0.00000000000000E+0000,Fuzzy match
APCL_L1224,1444,APCL_L2867,1269,1189,77, 0.00000000000000E+0000, 0.00000000000000E+0000,Fuzzy match
APCL_L1228,1435,APCL_L2748,1391,1326,53, 0.00000000000000E+0000, 0.00000000000000E+0000,Fuzzy match
APCL_L1237,1447,APCL_L3037,1401,1356,45, 0.00000000000000E+0000, 0.00000000000000E+0000,Fuzzy match
APCL_L1237,1447,APCL_L5267.F,1447,1409,38, 0.00000000000000E+0000, 0.00000000000000E+0000,Fuzzy match
APCL_L1242,1447,APCL_L2683,1446,1386,60, 0.00000000000000E+0000, 0.00000000000000E+0000,Fuzzy match
APCL_L1246,1441,APCL_L2860,1385,1310,74, 0.00000000000000E+0000, 0.00000000000000E+0000,Fuzzy match
APCL_L1254,1447,APCL_L3060,1335,1273,62, 0.00000000000000E+0000, 0.00000000000000E+0000,Fuzzy match
APCL_L1284,1445,APCL_L2576,1447,1397,48, 0.00000000000000E+0000, 0.00000000000000E+0000,Fuzzy match
APCL_L1290,1443,APCL_L2631,1436,1384,48, 0.00000000000000E+0000, 0.00000000000000E+0000,Fuzzy match
APCL_L1302,1444,APCL_L2861,1435,1366,66, 0.00000000000000E+0000, 0.00000000000000E+0000,Fuzzy match
APCL_L1311,1446,APCL_L2213,1369,1272,96, 0.00000000000000E+0000, 0.00000000000000E+0000,Fuzzy match
APCL_L1335,1424,APCL_L2608,1447,1365,59, 0.00000000000000E+0000, 0.00000000000000E+0000,Fuzzy match
APCL_L1335,1424,APCL_L3160,1437,1342,72, 0.00000000000000E+0000, 0.00000000000000E+0000,Fuzzy match
APCL_L1340,1424,APCL_L2750,1368,1249,96, 0.00000000000000E+0000, 0.00000000000000E+0000,Fuzzy match
APCL_L1730,1447,APCL_L3394.F,1447,1399,48, 0.00000000000000E+0000, 0.00000000000000E+0000,Fuzzy match
APCL_L1730,1447,APCL_L4989.F,1441,1403,38, 0.00000000000000E+0000, 0.00000000000000E+0000,Fuzzy match
APCL_L1745,1403,APCL_L4988.F,1431,1337,50, 0.00000000000000E+0000, 0.00000000000000E+0000,Fuzzy match
APCL_L2227,1313,APCL_L5176.F,1444,1262,48, 0.00000000000000E+0000, 0.00000000000000E+0000,Fuzzy match
APCL_L2232,1303,APCL_L5065.F,1447,1256,47, 0.00000000000000E+0000, 0.00000000000000E+0000,Fuzzy match
APCL_L2238,1295,APCL_L2554,1445,1259,36, 0.00000000000000E+0000, 0.00000000000000E+0000,Fuzzy match
APCL_L2329,1387,APCL_L5199.F,1447,1349,38, 0.00000000000000E+0000, 0.00000000000000E+0000,Fuzzy match
APCL_L2334,1389,APCL_L5381.F,1447,1331,58, 0.00000000000000E+0000, 0.00000000000000E+0000,Fuzzy match
APCL_L2338,1402,APCL_L3699,1447,1332,70, 0.00000000000000E+0000, 0.00000000000000E+0000,Fuzzy match
APCL_L2338,1402,APCL_L5378.F,1447,1341,61, 0.00000000000000E+0000, 0.00000000000000E+0000,Fuzzy match
APCL_L2338,1402,APCL_L5567,1447,1335,67, 0.00000000000000E+0000, 0.00000000000000E+0000,Fuzzy match
APCL_L2339,1422,APCL_L3700,1445,1351,71, 0.00000000000000E+0000, 0.00000000000000E+0000,Fuzzy match
APCL_L2339,1422,APCL_L5377.F,1445,1356,66, 0.00000000000000E+0000, 0.00000000000000E+0000,Fuzzy match
APCL_L2391,1437,APCL_L5566,1447,1386,51, 0.00000000000000E+0000, 0.00000000000000E+0000,Fuzzy match
APCL_L2399,1442,APCL_L3070,1218,1176,37, 0.00000000000000E+0000, 0.00000000000000E+0000,Fuzzy match
APCL_L2399,1442,APCL_L3565.F,1447,1389,53, 0.00000000000000E+0000, 0.00000000000000E+0000,Fuzzy match
APCL_L2441,1443,APCL_L2955,1380,1360,20, 0.00000000000000E+0000, 0.00000000000000E+0000,Fuzzy match
APCL_L2441,1443,APCL_L4950.F,1438,1388,50, 0.00000000000000E+0000, 0.00000000000000E+0000,Fuzzy match
APCL_L2445,1447,APCL_L2786,1439,1405,34, 0.00000000000000E+0000, 0.00000000000000E+0000,Fuzzy match
APCL_L2453,1447,APCL_L2776,1424,1377,47, 0.00000000000000E+0000, 0.00000000000000E+0000,Fuzzy match
APCL_L2453,1447,APCL_L5003.F,1439,1390,49, 0.00000000000000E+0000, 0.00000000000000E+0000,Fuzzy match
APCL_L2490,1198,APCL_L2909,1443,1163,35, 0.00000000000000E+0000, 0.00000000000000E+0000,Fuzzy match
APCL_L2506,1447,APCL_L2587,1447,1418,29, 0.00000000000000E+0000, 0.00000000000000E+0000,Fuzzy match
APCL_L2531,1369,APCL_L3372.F,1447,1324,45, 0.00000000000000E+0000, 0.00000000000000E+0000,Fuzzy match
APCL_L2531,1369,APCL_L5008.F,1447,1333,36, 0.00000000000000E+0000, 0.00000000000000E+0000,Fuzzy match
APCL_L2537,1446,APCL_L5471,1447,1393,53, 0.00000000000000E+0000, 0.00000000000000E+0000,Fuzzy match
APCL_L2539,1445,APCL_L2922,1238,1191,47, 0.00000000000000E+0000, 0.00000000000000E+0000,Fuzzy match
APCL_L2539,1445,APCL_L3561.F,1447,1380,65, 0.00000000000000E+0000, 0.00000000000000E+0000,Fuzzy match
APCL_L2557,1447,APCL_L5252.F,1447,1407,40, 0.00000000000000E+0000, 0.00000000000000E+0000,Fuzzy match
APCL_L2572,1447,APCL_L2579,1447,1320,127, 0.00000000000000E+0000, 0.00000000000000E+0000,Fuzzy match
APCL_L2575,1447,APCL_L5032.F,1447,1425,22, 0.00000000000000E+0000, 0.00000000000000E+0000,Fuzzy match
APCL_L2601,1442,APCL_L3147,1439,1413,26, 0.00000000000000E+0000, 0.00000000000000E+0000,Fuzzy match
APCL_L2606,1431,APCL_L4907.F,1447,1391,40, 0.00000000000000E+0000, 0.00000000000000E+0000,Fuzzy match
APCL_L2607,1315,APCL_L5615,1447,1275,40, 0.00000000000000E+0000, 0.00000000000000E+0000,Fuzzy match
APCL_L2608,1447,APCL_L3160,1437,1403,34, 0.00000000000000E+0000, 0.00000000000000E+0000,Fuzzy match
APCL_L2621,1429,APCL_L5416.F,1447,1373,56, 0.00000000000000E+0000, 0.00000000000000E+0000,Fuzzy match
APCL_L2632,1440,APCL_L3310,1447,1387,53, 0.00000000000000E+0000, 0.00000000000000E+0000,Fuzzy match
APCL_L2639,1313,APCL_L5434.F,1447,1269,44, 0.00000000000000E+0000, 0.00000000000000E+0000,Fuzzy match
APCL_L2643,1447,APCL_L5445.F,1447,1404,43, 0.00000000000000E+0000, 0.00000000000000E+0000,Fuzzy match
APCL_L2651,1421,APCL_L5443.F,1447,1363,58, 0.00000000000000E+0000, 0.00000000000000E+0000,Fuzzy match
APCL_L2652,1433,APCL_L5440.F,1447,1385,48, 0.00000000000000E+0000, 0.00000000000000E+0000,Fuzzy match
APCL_L2663,1447,APCL_L5557,1447,1395,52, 0.00000000000000E+0000, 0.00000000000000E+0000,Fuzzy match
APCL_L2665,1447,APCL_L3312,1447,1406,41, 0.00000000000000E+0000, 0.00000000000000E+0000,Fuzzy match
APCL_L2671,1447,APCL_L3313,1444,1390,54, 0.00000000000000E+0000, 0.00000000000000E+0000,Fuzzy match
APCL_L2672,1447,APCL_L3833.F,1447,1402,45, 0.00000000000000E+0000, 0.00000000000000E+0000,Fuzzy match
APCL_L2676,1405,APCL_L5446.F,1447,1362,43, 0.00000000000000E+0000, 0.00000000000000E+0000,Fuzzy match
APCL_L2677,1436,APCL_L4026.F,1439,1394,42, 0.00000000000000E+0000, 0.00000000000000E+0000,Fuzzy match
APCL_L2677,1436,APCL_L5447.F,1439,1393,43, 0.00000000000000E+0000, 0.00000000000000E+0000,Fuzzy match
APCL_L2678,1363,APCL_L5435.F,1447,1322,41, 0.00000000000000E+0000, 0.00000000000000E+0000,Fuzzy match
APCL_L2687,1369,APCL_L5438.F,1447,1316,53, 0.00000000000000E+0000, 0.00000000000000E+0000,Fuzzy match
APCL_L2688,1387,APCL_L4433,1447,1351,36, 0.00000000000000E+0000, 0.00000000000000E+0000,Fuzzy match
APCL_L2688,1387,APCL_L5048.F,1447,1342,45, 0.00000000000000E+0000, 0.00000000000000E+0000,Fuzzy match
APCL_L2689,1415,APCL_L5045.F,1447,1367,48, 0.00000000000000E+0000, 0.00000000000000E+0000,Fuzzy match
APCL_L2690,1436,APCL_L4431,1447,1399,37, 0.00000000000000E+0000, 0.00000000000000E+0000,Fuzzy match
APCL_L2690,1436,APCL_L5051.F,1447,1392,44, 0.00000000000000E+0000, 0.00000000000000E+0000,Fuzzy match
APCL_L2699,1447,APCL_L5080.F,1447,1418,29, 0.00000000000000E+0000, 0.00000000000000E+0000,Fuzzy match
APCL_L2709,1447,APCL_L5315.F,1447,1414,33, 0.00000000000000E+0000, 0.00000000000000E+0000,Fuzzy match
APCL_L2710,1403,APCL_L5318.F,1447,1368,35, 0.00000000000000E+0000, 0.00000000000000E+0000,Fuzzy match
APCL_L2711,1445,APCL_L5329.F,1447,1411,34, 0.00000000000000E+0000, 0.00000000000000E+0000,Fuzzy match
APCL_L2712,1411,APCL_L5324.F,1445,1362,47, 0.00000000000000E+0000, 0.00000000000000E+0000,Fuzzy match
APCL_L2713,1433,APCL_L5322.F,1447,1391,42, 0.00000000000000E+0000, 0.00000000000000E+0000,Fuzzy match
APCL_L2718,1427,APCL_L5313.F,1447,1390,37, 0.00000000000000E+0000, 0.00000000000000E+0000,Fuzzy match
APCL_L2719,1428,APCL_L5319.F,1447,1382,46, 0.00000000000000E+0000, 0.00000000000000E+0000,Fuzzy match
APCL_L2721,1445,APCL_L5323.F,1445,1413,32, 0.00000000000000E+0000, 0.00000000000000E+0000,Fuzzy match
APCL_L2722,1221,APCL_L5321.F,1447,1165,56, 0.00000000000000E+0000, 0.00000000000000E+0000,Fuzzy match
APCL_L2723,1444,APCL_L5300.F,1447,1419,25, 0.00000000000000E+0000, 0.00000000000000E+0000,Fuzzy match
APCL_L2724,1225,APCL_L5309.F,1447,1184,41, 0.00000000000000E+0000, 0.00000000000000E+0000,Fuzzy match
APCL_L2734,1444,APCL_L3292,1447,1384,60, 0.00000000000000E+0000, 0.00000000000000E+0000,Fuzzy match
APCL_L2735,1270,APCL_L5312.F,1447,1218,52, 0.00000000000000E+0000, 0.00000000000000E+0000,Fuzzy match
APCL_L2739,1268,APCL_L5307.F,1447,1235,33, 0.00000000000000E+0000, 0.00000000000000E+0000,Fuzzy match
APCL_L2745,1372,APCL_L3293,1447,1326,46, 0.00000000000000E+0000, 0.00000000000000E+0000,Fuzzy match
APCL_L2745,1372,APCL_L3376.F,1447,1337,35, 0.00000000000000E+0000, 0.00000000000000E+0000,Fuzzy match
APCL_L2749,1435,APCL_L5221.F,1447,1407,28, 0.00000000000000E+0000, 0.00000000000000E+0000,Fuzzy match
APCL_L2751,1256,APCL_L5159.F,1447,1218,38, 0.00000000000000E+0000, 0.00000000000000E+0000,Fuzzy match
APCL_L2752,1401,APCL_L5254.F,1447,1353,48, 0.00000000000000E+0000, 0.00000000000000E+0000,Fuzzy match
APCL_L2757,1438,APCL_L3727,1447,1400,38, 0.00000000000000E+0000, 0.00000000000000E+0000,Fuzzy match
APCL_L2757,1438,APCL_L5350.F,1447,1419,19, 0.00000000000000E+0000, 0.00000000000000E+0000,Fuzzy match
APCL_L2763,1407,APCL_L3365.F,1447,1361,46, 0.00000000000000E+0000, 0.00000000000000E+0000,Fuzzy match
APCL_L2763,1407,APCL_L5521,1447,1350,57, 0.00000000000000E+0000, 0.00000000000000E+0000,Fuzzy match
APCL_L2769,1437,APCL_L5164.F,1447,1397,40, 0.00000000000000E+0000, 0.00000000000000E+0000,Fuzzy match
APCL_L2771,1438,APCL_L5223.F,1447,1405,33, 0.00000000000000E+0000, 0.00000000000000E+0000,Fuzzy match
APCL_L2773,1447,APCL_L3784.F,1447,1412,35, 0.00000000000000E+0000, 0.00000000000000E+0000,Fuzzy match
APCL_L2776,1424,APCL_L5003.F,1439,1351,65, 0.00000000000000E+0000, 0.00000000000000E+0000,Fuzzy match
APCL_L2778,1436,APCL_L3420.F,1447,1379,57, 0.00000000000000E+0000, 0.00000000000000E+0000,Fuzzy match
APCL_L2779,1447,APCL_L3356.F,1447,1404,43, 0.00000000000000E+0000, 0.00000000000000E+0000,Fuzzy match
APCL_L2780,1447,APCL_L3605.F,1447,1399,48, 0.00000000000000E+0000, 0.00000000000000E+0000,Fuzzy match
APCL_L2781,1439,APCL_L4978.F,1277,1236,41, 0.00000000000000E+0000, 0.00000000000000E+0000,Fuzzy match
APCL_L2781,1439,APCL_L5026.F,1447,1403,36, 0.00000000000000E+0000, 0.00000000000000E+0000,Fuzzy match
APCL_L2784,1438,APCL_L3360.F,1447,1395,43, 0.00000000000000E+0000, 0.00000000000000E+0000,Fuzzy match
APCL_L2788,1435,APCL_L3247.L3441,1447,1374,61, 0.00000000000000E+0000, 0.00000000000000E+0000,Fuzzy match
APCL_L2797,1447,APCL_L3364.F,1447,1405,42, 0.00000000000000E+0000, 0.00000000000000E+0000,Fuzzy match
APCL_L2799,1439,APCL_L5002.F,1437,1390,39, 0.00000000000000E+0000, 0.00000000000000E+0000,Fuzzy match
APCL_L2804,1401,APCL_L3229,1398,1300,54, 0.00000000000000E+0000, 0.00000000000000E+0000,Fuzzy match
APCL_L2808,1409,APCL_L5009.F,1365,1282,48, 0.00000000000000E+0000, 0.00000000000000E+0000,Fuzzy match
APCL_L2814,1447,APCL_L4448,1447,1412,35, 0.00000000000000E+0000, 0.00000000000000E+0000,Fuzzy match
APCL_L2817,1348,APCL_L5061.F,1447,1276,72, 0.00000000000000E+0000, 0.00000000000000E+0000,Fuzzy match
APCL_L2820,1422,APCL_L5058.F,1444,1373,46, 0.00000000000000E+0000, 0.00000000000000E+0000,Fuzzy match
APCL_L2822,1443,APCL_L3427.F,1443,1384,59, 0.00000000000000E+0000, 0.00000000000000E+0000,Fuzzy match
APCL_L2829,1447,APCL_L3164,1416,1375,41, 0.00000000000000E+0000, 0.00000000000000E+0000,Fuzzy match
APCL_L2831,1447,APCL_L5052.F,1447,1397,50, 0.00000000000000E+0000, 0.00000000000000E+0000,Fuzzy match
APCL_L2832,1444,APCL_L3242.L3445,1447,1407,37, 0.00000000000000E+0000, 0.00000000000000E+0000,Fuzzy match
APCL_L2834,1358,APCL_L3157,1425,1286,50, 0.00000000000000E+0000, 0.00000000000000E+0000,Fuzzy match
APCL_L2834,1358,APCL_L5449.F,1447,1321,37, 0.00000000000000E+0000, 0.00000000000000E+0000,Fuzzy match
APCL_L2836,1392,APCL_L3321,1447,1362,30, 0.00000000000000E+0000, 0.00000000000000E+0000,Fuzzy match
APCL_L2836,1392,APCL_L5463.F,1447,1359,33, 0.00000000000000E+0000, 0.00000000000000E+0000,Fuzzy match
APCL_L2837,1447,APCL_L3151,1431,1399,32, 0.00000000000000E+0000, 0.00000000000000E+0000,Fuzzy match
APCL_L2872,1442,APCL_L3123,1389,1351,34, 0.00000000000000E+0000, 0.00000000000000E+0000,Fuzzy match
APCL_L2879,1442,APCL_L5064.F,1447,1407,35, 0.00000000000000E+0000, 0.00000000000000E+0000,Fuzzy match
APCL_L2891,1443,APCL_L3366.F,1443,1374,69, 0.00000000000000E+0000, 0.00000000000000E+0000,Fuzzy match
APCL_L2893,1419,APCL_L3399.F,1442,1350,69, 0.00000000000000E+0000, 0.00000000000000E+0000,Fuzzy match
APCL_L2897,1443,APCL_L3566.F,1443,1356,87, 0.00000000000000E+0000, 0.00000000000000E+0000,Fuzzy match
APCL_L2902,1445,APCL_L5222.F,1447,1396,49, 0.00000000000000E+0000, 0.00000000000000E+0000,Fuzzy match
APCL_L2906,1447,APCL_L3558.F,1447,1392,55, 0.00000000000000E+0000, 0.00000000000000E+0000,Fuzzy match
APCL_L2907,1412,APCL_L3560.F,1447,1353,59, 0.00000000000000E+0000, 0.00000000000000E+0000,Fuzzy match
APCL_L2909,1443,APCL_L3263.L3437,1443,1393,50, 0.00000000000000E+0000, 0.00000000000000E+0000,Fuzzy match
APCL_L2909,1443,APCL_L3638.F,1443,1386,57, 0.00000000000000E+0000, 0.00000000000000E+0000,Fuzzy match
APCL_L2909,1443,APCL_L5452.F,1443,1395,48, 0.00000000000000E+0000, 0.00000000000000E+0000,Fuzzy match
APCL_L2912,1443,APCL_L3355.F,1447,1386,57, 0.00000000000000E+0000, 0.00000000000000E+0000,Fuzzy match
APCL_L2913,1443,APCL_L3562.F,1443,1388,55, 0.00000000000000E+0000, 0.00000000000000E+0000,Fuzzy match
APCL_L2915,1421,APCL_L4996.F,1441,1354,64, 0.00000000000000E+0000, 0.00000000000000E+0000,Fuzzy match
APCL_L2917,1431,APCL_L3357.F,1442,1359,72, 0.00000000000000E+0000, 0.00000000000000E+0000,Fuzzy match
APCL_L2917,1431,APCL_L3429.F,1440,1358,73, 0.00000000000000E+0000, 0.00000000000000E+0000,Fuzzy match
APCL_L2918,1447,APCL_L3639.F,1440,1373,67, 0.00000000000000E+0000, 0.00000000000000E+0000,Fuzzy match
APCL_L2918,1447,APCL_L5454.F,1447,1395,52, 0.00000000000000E+0000, 0.00000000000000E+0000,Fuzzy match
APCL_L2922,1238,APCL_L3561.F,1447,1183,55, 0.00000000000000E+0000, 0.00000000000000E+0000,Fuzzy match
APCL_L2924,1292,APCL_L5018.F,1447,1253,39, 0.00000000000000E+0000, 0.00000000000000E+0000,Fuzzy match
APCL_L2934,1428,APCL_L3421.F,1447,1376,52, 0.00000000000000E+0000, 0.00000000000000E+0000,Fuzzy match
APCL_L2934,1428,APCL_L3627.F,1447,1370,58, 0.00000000000000E+0000, 0.00000000000000E+0000,Fuzzy match
APCL_L2936,1439,APCL_L5260.F,1447,1407,32, 0.00000000000000E+0000, 0.00000000000000E+0000,Fuzzy match
APCL_L2940,1419,APCL_L3648.F,1447,1369,50, 0.00000000000000E+0000, 0.00000000000000E+0000,Fuzzy match
APCL_L2940,1419,APCL_L5120.F,1447,1367,52, 0.00000000000000E+0000, 0.00000000000000E+0000,Fuzzy match
APCL_L2942,1434,APCL_L5053.F,1447,1388,46, 0.00000000000000E+0000, 0.00000000000000E+0000,Fuzzy match
APCL_L2944,1429,APCL_L5263.F,1447,1388,41, 0.00000000000000E+0000, 0.00000000000000E+0000,Fuzzy match
APCL_L2946,1438,APCL_L5169.F,1447,1405,33, 0.00000000000000E+0000, 0.00000000000000E+0000,Fuzzy match
APCL_L2947,1413,APCL_L5262.F,1445,1369,44, 0.00000000000000E+0000, 0.00000000000000E+0000,Fuzzy match
APCL_L2949,1447,APCL_L4984.F,1435,1404,31, 0.00000000000000E+0000, 0.00000000000000E+0000,Fuzzy match
APCL_L2951,1441,APCL_L5201.F,1447,1386,55, 0.00000000000000E+0000, 0.00000000000000E+0000,Fuzzy match
APCL_L2953,1389,APCL_L3795.F,1447,1342,47, 0.00000000000000E+0000, 0.00000000000000E+0000,Fuzzy match
APCL_L2955,1380,APCL_L4950.F,1438,1338,37, 0.00000000000000E+0000, 0.00000000000000E+0000,Fuzzy match
APCL_L2983,1293,APCL_L3769.F,1443,1200,93, 0.00000000000000E+0000, 0.00000000000000E+0000,Fuzzy match
APCL_L2983,1293,APCL_L4995.F,1440,1214,79, 0.00000000000000E+0000, 0.00000000000000E+0000,Fuzzy match
APCL_L2985,1435,APCL_L3783.F,1447,1368,67, 0.00000000000000E+0000, 0.00000000000000E+0000,Fuzzy match
APCL_L2985,1435,APCL_L5001.F,1445,1372,61, 0.00000000000000E+0000, 0.00000000000000E+0000,Fuzzy match
APCL_L2989,1251,APCL_L3417.F,1447,1160,91, 0.00000000000000E+0000, 0.00000000000000E+0000,Fuzzy match
APCL_L3005,1259,APCL_L5054.F,1447,1193,66, 0.00000000000000E+0000, 0.00000000000000E+0000,Fuzzy match
APCL_L3023,1224,APCL_L3135,1432,1158,58, 0.00000000000000E+0000, 0.00000000000000E+0000,Fuzzy match
APCL_L3035,1380,APCL_L5162.F,1447,1310,70, 0.00000000000000E+0000, 0.00000000000000E+0000,Fuzzy match
APCL_L3037,1401,APCL_L5267.F,1447,1358,43, 0.00000000000000E+0000, 0.00000000000000E+0000,Fuzzy match
APCL_L3043,1372,APCL_L3354.F,1447,1296,76, 0.00000000000000E+0000, 0.00000000000000E+0000,Fuzzy match
APCL_L3054,1411,APCL_L3358.F,1447,1340,71, 0.00000000000000E+0000, 0.00000000000000E+0000,Fuzzy match
APCL_L3062,1361,APCL_L3353.F,1447,1285,76, 0.00000000000000E+0000, 0.00000000000000E+0000,Fuzzy match
APCL_L3069,1323,APCL_L5028.F,1442,1248,72, 0.00000000000000E+0000, 0.00000000000000E+0000,Fuzzy match
APCL_L3078,1447,APCL_L3557.F,1447,1384,63, 0.00000000000000E+0000, 0.00000000000000E+0000,Fuzzy match
APCL_L3078,1447,APCL_L3786.F,1447,1382,65, 0.00000000000000E+0000, 0.00000000000000E+0000,Fuzzy match
APCL_L3078,1447,APCL_L5011.F,1447,1395,52, 0.00000000000000E+0000, 0.00000000000000E+0000,Fuzzy match
APCL_L3079,1364,APCL_L5425.F,1447,1288,76, 0.00000000000000E+0000, 0.00000000000000E+0000,Fuzzy match
APCL_L3081,1447,APCL_L5059.F,1447,1388,59, 0.00000000000000E+0000, 0.00000000000000E+0000,Fuzzy match
APCL_L3084,1212,APCL_L5202.F,1447,1159,53, 0.00000000000000E+0000, 0.00000000000000E+0000,Fuzzy match
APCL_L3088,1436,APCL_L3302,1443,1363,73, 0.00000000000000E+0000, 0.00000000000000E+0000,Fuzzy match
APCL_L3091,1429,APCL_L5037.F,1447,1375,54, 0.00000000000000E+0000, 0.00000000000000E+0000,Fuzzy match
APCL_L3096,1435,APCL_L5301.F,1447,1333,102, 0.00000000000000E+0000, 0.00000000000000E+0000,Fuzzy match
APCL_L3114,1433,APCL_L5451.F,1447,1376,57, 0.00000000000000E+0000, 0.00000000000000E+0000,Fuzzy match
APCL_L3157,1425,APCL_L5449.F,1447,1363,62, 0.00000000000000E+0000, 0.00000000000000E+0000,Fuzzy match
APCL_L3161,1329,APCL_L5423.F,1447,1270,59, 0.00000000000000E+0000, 0.00000000000000E+0000,Fuzzy match
APCL_L3162,1435,APCL_L5450.F,1447,1389,46, 0.00000000000000E+0000, 0.00000000000000E+0000,Fuzzy match
APCL_L3225,1447,APCL_L3753.F,1447,1379,68, 0.00000000000000E+0000, 0.00000000000000E+0000,Fuzzy match
APCL_L3263.L3437,1443,APCL_L3638.F,1443,1430,13, 0.00000000000000E+0000, 0.00000000000000E+0000,Fuzzy match
APCL_L3263.L3437,1443,APCL_L5452.F,1443,1433,10, 0.00000000000000E+0000, 0.00000000000000E+0000,Fuzzy match
APCL_L3264.L3436,1447,APCL_L3435.F,1447,1439,8, 0.00000000000000E+0000, 0.00000000000000E+0000,Fuzzy match
APCL_L3264.L3436,1447,APCL_L3590.F,1447,1442,5, 0.00000000000000E+0000, 0.00000000000000E+0000,Fuzzy match
APCL_L3293,1447,APCL_L3376.F,1447,1432,15, 0.00000000000000E+0000, 0.00000000000000E+0000,Fuzzy match
APCL_L3315,1447,APCL_L4019.F,1447,1412,35, 0.00000000000000E+0000, 0.00000000000000E+0000,Fuzzy match
APCL_L3316,1447,APCL_L4018.F,1437,1403,34, 0.00000000000000E+0000, 0.00000000000000E+0000,Fuzzy match
APCL_L3321,1447,APCL_L5463.F,1447,1440,7, 0.00000000000000E+0000, 0.00000000000000E+0000,Fuzzy match
APCL_L3328,1447,APCL_L3432.F,1447,1433,14, 0.00000000000000E+0000, 0.00000000000000E+0000,Fuzzy match
APCL_L3331,1447,APCL_L3613.F,1447,1426,21, 0.00000000000000E+0000, 0.00000000000000E+0000,Fuzzy match
APCL_L3337,1447,APCL_L3577.F,1447,1435,12, 0.00000000000000E+0000, 0.00000000000000E+0000,Fuzzy match
APCL_L3337,1447,APCL_L5202.F,1447,1418,29, 0.00000000000000E+0000, 0.00000000000000E+0000,Fuzzy match
APCL_L3357.F,1442,APCL_L3429.F,1440,1429,11, 0.00000000000000E+0000, 0.00000000000000E+0000,Fuzzy match
APCL_L3365.F,1447,APCL_L5521,1447,1405,42, 0.00000000000000E+0000, 0.00000000000000E+0000,Fuzzy match
APCL_L3372.F,1447,APCL_L5008.F,1447,1422,25, 0.00000000000000E+0000, 0.00000000000000E+0000,Fuzzy match
APCL_L3373.F,1442,APCL_L5004.F,1434,1412,22, 0.00000000000000E+0000, 0.00000000000000E+0000,Fuzzy match
APCL_L3379.F,1447,APCL_L5066.F,1447,1428,19, 0.00000000000000E+0000, 0.00000000000000E+0000,Fuzzy match
APCL_L3382.F,1442,APCL_L5548,1442,1392,50, 0.00000000000000E+0000, 0.00000000000000E+0000,Fuzzy match
APCL_L3384.F,1447,APCL_L3779.F,1447,1435,12, 0.00000000000000E+0000, 0.00000000000000E+0000,Fuzzy match
APCL_L3389.F,1447,APCL_L4986.F,1447,1427,20, 0.00000000000000E+0000, 0.00000000000000E+0000,Fuzzy match
APCL_L3394.F,1447,APCL_L4989.F,1441,1411,30, 0.00000000000000E+0000, 0.00000000000000E+0000,Fuzzy match
APCL_L3405.F,1447,APCL_L3771.F,1447,1436,11, 0.00000000000000E+0000, 0.00000000000000E+0000,Fuzzy match
APCL_L3421.F,1447,APCL_L3627.F,1447,1432,15, 0.00000000000000E+0000, 0.00000000000000E+0000,Fuzzy match
APCL_L3428.F,1447,APCL_L3629.F,1442,1417,25, 0.00000000000000E+0000, 0.00000000000000E+0000,Fuzzy match
APCL_L3431.F,1447,APCL_L3914.F,1447,1429,18, 0.00000000000000E+0000, 0.00000000000000E+0000,Fuzzy match
APCL_L3433.F,1447,APCL_L5455.F,1447,1439,8, 0.00000000000000E+0000, 0.00000000000000E+0000,Fuzzy match
APCL_L3435.F,1447,APCL_L3590.F,1447,1438,9, 0.00000000000000E+0000, 0.00000000000000E+0000,Fuzzy match
APCL_L3549.F,1447,APCL_L3862.F,1447,1437,10, 0.00000000000000E+0000, 0.00000000000000E+0000,Fuzzy match
APCL_L3557.F,1447,APCL_L3786.F,1447,1441,6, 0.00000000000000E+0000, 0.00000000000000E+0000,Fuzzy match
APCL_L3557.F,1447,APCL_L5011.F,1447,1427,20, 0.00000000000000E+0000, 0.00000000000000E+0000,Fuzzy match
APCL_L3567.F,1447,APCL_L5020.F,1444,1425,19, 0.00000000000000E+0000, 0.00000000000000E+0000,Fuzzy match
APCL_L3568.F,1447,APCL_L5017.F,1439,1412,27, 0.00000000000000E+0000, 0.00000000000000E+0000,Fuzzy match
APCL_L3570.F,1447,APCL_L5025.F,1447,1423,24, 0.00000000000000E+0000, 0.00000000000000E+0000,Fuzzy match
APCL_L3571.F,1447,APCL_L5023.F,1447,1427,20, 0.00000000000000E+0000, 0.00000000000000E+0000,Fuzzy match
APCL_L3577.F,1447,APCL_L5202.F,1447,1418,29, 0.00000000000000E+0000, 0.00000000000000E+0000,Fuzzy match
APCL_L3578.F,1447,APCL_L5456.F,1447,1433,14, 0.00000000000000E+0000, 0.00000000000000E+0000,Fuzzy match
APCL_L3581.F,1447,APCL_L4007.F,1447,1440,7, 0.00000000000000E+0000, 0.00000000000000E+0000,Fuzzy match
APCL_L3581.F,1447,APCL_L5073.F,1447,1416,31, 0.00000000000000E+0000, 0.00000000000000E+0000,Fuzzy match
APCL_L3582.F,1447,APCL_L4004.F,1447,1432,15, 0.00000000000000E+0000, 0.00000000000000E+0000,Fuzzy match
APCL_L3583.F,1447,APCL_L4411,1447,1426,21, 0.00000000000000E+0000, 0.00000000000000E+0000,Fuzzy match
APCL_L3603.F,1444,APCL_L4945.F,1429,1388,41, 0.00000000000000E+0000, 0.00000000000000E+0000,Fuzzy match
APCL_L3607.F,1447,APCL_L3632.F,1445,1434,11, 0.00000000000000E+0000, 0.00000000000000E+0000,Fuzzy match
APCL_L3608.F,1447,APCL_L5203.F,1447,1412,35, 0.00000000000000E+0000, 0.00000000000000E+0000,Fuzzy match
APCL_L3612.F,1447,APCL_L3808.F,1447,1422,25, 0.00000000000000E+0000, 0.00000000000000E+0000,Fuzzy match
APCL_L3616.F,1447,APCL_L4114.F,1447,1425,22, 0.00000000000000E+0000, 0.00000000000000E+0000,Fuzzy match
APCL_L3628.F,1447,APCL_L3647.F,1444,1429,15, 0.00000000000000E+0000, 0.00000000000000E+0000,Fuzzy match
APCL_L3631.F,1447,APCL_L3757.F,1447,1429,18, 0.00000000000000E+0000, 0.00000000000000E+0000,Fuzzy match
APCL_L3638.F,1443,APCL_L5452.F,1443,1426,17, 0.00000000000000E+0000, 0.00000000000000E+0000,Fuzzy match
APCL_L3639.F,1440,APCL_L5454.F,1447,1413,27, 0.00000000000000E+0000, 0.00000000000000E+0000,Fuzzy match
APCL_L3646.F,1447,APCL_L3920.F,1447,1436,11, 0.00000000000000E+0000, 0.00000000000000E+0000,Fuzzy match
APCL_L3648.F,1447,APCL_L5120.F,1447,1421,26, 0.00000000000000E+0000, 0.00000000000000E+0000,Fuzzy match
APCL_L3649.F,1447,APCL_L5453.F,1447,1440,7, 0.00000000000000E+0000, 0.00000000000000E+0000,Fuzzy match
APCL_L3677,1438,APCL_L3989.F,1447,1396,42, 0.00000000000000E+0000, 0.00000000000000E+0000,Fuzzy match
APCL_L3685,1411,APCL_L3991.F,1447,1364,47, 0.00000000000000E+0000, 0.00000000000000E+0000,Fuzzy match
APCL_L3690,1447,APCL_L5295.F,1447,1428,19, 0.00000000000000E+0000, 0.00000000000000E+0000,Fuzzy match
APCL_L3691,1447,APCL_L5292.F,1447,1434,13, 0.00000000000000E+0000, 0.00000000000000E+0000,Fuzzy match
APCL_L3697,1447,APCL_L5286.F,1447,1422,25, 0.00000000000000E+0000, 0.00000000000000E+0000,Fuzzy match
APCL_L3699,1447,APCL_L5378.F,1447,1426,21, 0.00000000000000E+0000, 0.00000000000000E+0000,Fuzzy match
APCL_L3699,1447,APCL_L5567,1447,1436,11, 0.00000000000000E+0000, 0.00000000000000E+0000,Fuzzy match
APCL_L3700,1445,APCL_L5377.F,1445,1422,23, 0.00000000000000E+0000, 0.00000000000000E+0000,Fuzzy match
APCL_L3701,1447,APCL_L5376.F,1447,1422,25, 0.00000000000000E+0000, 0.00000000000000E+0000,Fuzzy match
APCL_L3702,1447,APCL_L5375.F,1447,1423,24, 0.00000000000000E+0000, 0.00000000000000E+0000,Fuzzy match
APCL_L3702,1447,APCL_L5503,1447,1422,25, 0.00000000000000E+0000, 0.00000000000000E+0000,Fuzzy match
APCL_L3703,1447,APCL_L5374.F,1444,1392,52, 0.00000000000000E+0000, 0.00000000000000E+0000,Fuzzy match
APCL_L3704,1447,APCL_L5373.F,1447,1415,32, 0.00000000000000E+0000, 0.00000000000000E+0000,Fuzzy match
APCL_L3706,1447,APCL_L5372.F,1447,1404,43, 0.00000000000000E+0000, 0.00000000000000E+0000,Fuzzy match
APCL_L3707,1447,APCL_L5371.F,1447,1414,33, 0.00000000000000E+0000, 0.00000000000000E+0000,Fuzzy match
APCL_L3708,1447,APCL_L5370.F,1447,1423,24, 0.00000000000000E+0000, 0.00000000000000E+0000,Fuzzy match
APCL_L3709,1447,APCL_L5369.F,1444,1402,42, 0.00000000000000E+0000, 0.00000000000000E+0000,Fuzzy match
APCL_L3710,1445,APCL_L5367.F,1445,1436,9, 0.00000000000000E+0000, 0.00000000000000E+0000,Fuzzy match
APCL_L3711,1447,APCL_L5366.F,1447,1426,21, 0.00000000000000E+0000, 0.00000000000000E+0000,Fuzzy match
APCL_L3712,1444,APCL_L5365.F,1447,1411,33, 0.00000000000000E+0000, 0.00000000000000E+0000,Fuzzy match
APCL_L3713,1447,APCL_L5364.F,1447,1412,35, 0.00000000000000E+0000, 0.00000000000000E+0000,Fuzzy match
APCL_L3714,1447,APCL_L5363.F,1447,1436,11, 0.00000000000000E+0000, 0.00000000000000E+0000,Fuzzy match
APCL_L3715,1446,APCL_L5362.F,1446,1414,32, 0.00000000000000E+0000, 0.00000000000000E+0000,Fuzzy match
APCL_L3716,1447,APCL_L5361.F,1447,1433,14, 0.00000000000000E+0000, 0.00000000000000E+0000,Fuzzy match
APCL_L3717,1447,APCL_L5360.F,1447,1428,19, 0.00000000000000E+0000, 0.00000000000000E+0000,Fuzzy match
APCL_L3718,1430,APCL_L5359.F,1447,1402,28, 0.00000000000000E+0000, 0.00000000000000E+0000,Fuzzy match
APCL_L3719,1447,APCL_L5358.F,1447,1434,13, 0.00000000000000E+0000, 0.00000000000000E+0000,Fuzzy match
APCL_L3720,1447,APCL_L5357.F,1447,1429,18, 0.00000000000000E+0000, 0.00000000000000E+0000,Fuzzy match
APCL_L3721,1447,APCL_L5356.F,1447,1411,36, 0.00000000000000E+0000, 0.00000000000000E+0000,Fuzzy match
APCL_L3722,1447,APCL_L5355.F,1447,1432,15, 0.00000000000000E+0000, 0.00000000000000E+0000,Fuzzy match
APCL_L3723,1447,APCL_L5354.F,1447,1435,12, 0.00000000000000E+0000, 0.00000000000000E+0000,Fuzzy match
APCL_L3724,1447,APCL_L5353.F,1447,1438,9, 0.00000000000000E+0000, 0.00000000000000E+0000,Fuzzy match
APCL_L3725,1447,APCL_L5352.F,1447,1430,17, 0.00000000000000E+0000, 0.00000000000000E+0000,Fuzzy match
APCL_L3727,1447,APCL_L5350.F,1447,1426,21, 0.00000000000000E+0000, 0.00000000000000E+0000,Fuzzy match
APCL_L3728,1447,APCL_L5349.F,1447,1434,13, 0.00000000000000E+0000, 0.00000000000000E+0000,Fuzzy match
APCL_L3729,1447,APCL_L5348.F,1447,1422,25, 0.00000000000000E+0000, 0.00000000000000E+0000,Fuzzy match
APCL_L3730,1447,APCL_L5347.F,1447,1420,27, 0.00000000000000E+0000, 0.00000000000000E+0000,Fuzzy match
APCL_L3731,1447,APCL_L5346.F,1447,1417,30, 0.00000000000000E+0000, 0.00000000000000E+0000,Fuzzy match
APCL_L3733,1447,APCL_L5344.F,1447,1424,23, 0.00000000000000E+0000, 0.00000000000000E+0000,Fuzzy match
APCL_L3734,1447,APCL_L5343.F,1447,1427,20, 0.00000000000000E+0000, 0.00000000000000E+0000,Fuzzy match
APCL_L3737,1443,APCL_L5340.F,1443,1422,21, 0.00000000000000E+0000, 0.00000000000000E+0000,Fuzzy match
APCL_L3739,1447,APCL_L5339.F,1444,1422,22, 0.00000000000000E+0000, 0.00000000000000E+0000,Fuzzy match
APCL_L3740,1442,APCL_L5338.F,1447,1413,29, 0.00000000000000E+0000, 0.00000000000000E+0000,Fuzzy match
APCL_L3741,1447,APCL_L5337.F,1447,1429,18, 0.00000000000000E+0000, 0.00000000000000E+0000,Fuzzy match
APCL_L3742,1447,APCL_L5336.F,1447,1425,22, 0.00000000000000E+0000, 0.00000000000000E+0000,Fuzzy match
APCL_L3743,1447,APCL_L5335.F,1447,1434,13, 0.00000000000000E+0000, 0.00000000000000E+0000,Fuzzy match
APCL_L3744,1447,APCL_L5334.F,1447,1421,26, 0.00000000000000E+0000, 0.00000000000000E+0000,Fuzzy match
APCL_L3745,1447,APCL_L5333.F,1447,1437,10, 0.00000000000000E+0000, 0.00000000000000E+0000,Fuzzy match
APCL_L3758.F,1439,APCL_L3921.F,1439,1428,11, 0.00000000000000E+0000, 0.00000000000000E+0000,Fuzzy match
APCL_L3769.F,1443,APCL_L4995.F,1440,1423,17, 0.00000000000000E+0000, 0.00000000000000E+0000,Fuzzy match
APCL_L3783.F,1447,APCL_L5001.F,1445,1415,30, 0.00000000000000E+0000, 0.00000000000000E+0000,Fuzzy match
APCL_L3786.F,1447,APCL_L5011.F,1447,1427,20, 0.00000000000000E+0000, 0.00000000000000E+0000,Fuzzy match
APCL_L3804.F,1439,APCL_L4933.F,1430,1405,25, 0.00000000000000E+0000, 0.00000000000000E+0000,Fuzzy match
APCL_L3842.F,1439,APCL_L4119.F,1447,1417,22, 0.00000000000000E+0000, 0.00000000000000E+0000,Fuzzy match
APCL_L3842.F,1439,APCL_L5253.F,1447,1396,43, 0.00000000000000E+0000, 0.00000000000000E+0000,Fuzzy match
APCL_L3845.F,1447,APCL_L4911.F,1447,1423,24, 0.00000000000000E+0000, 0.00000000000000E+0000,Fuzzy match
APCL_L3864.F,1447,APCL_L5584,1447,1415,32, 0.00000000000000E+0000, 0.00000000000000E+0000,Fuzzy match
APCL_L3866.F,1447,APCL_L5543,1447,1397,50, 0.00000000000000E+0000, 0.00000000000000E+0000,Fuzzy match
APCL_L3869.F,1447,APCL_L5607,1447,1427,20, 0.00000000000000E+0000, 0.00000000000000E+0000,Fuzzy match
APCL_L3931.F,1447,APCL_L5502,1447,1390,57, 0.00000000000000E+0000, 0.00000000000000E+0000,Fuzzy match
APCL_L3933.F,1447,APCL_L4891.F,1447,1423,24, 0.00000000000000E+0000, 0.00000000000000E+0000,Fuzzy match
APCL_L3934.F,1447,APCL_L5598,1447,1418,29, 0.00000000000000E+0000, 0.00000000000000E+0000,Fuzzy match
APCL_L3935.F,1447,APCL_L5620,1447,1413,34, 0.00000000000000E+0000, 0.00000000000000E+0000,Fuzzy match
APCL_L3938.F,1447,APCL_L5491,1447,1398,49, 0.00000000000000E+0000, 0.00000000000000E+0000,Fuzzy match
APCL_L3938.F,1447,APCL_L5618,1447,1412,35, 0.00000000000000E+0000, 0.00000000000000E+0000,Fuzzy match
APCL_L3984.F,1445,APCL_L5093.F,1447,1416,29, 0.00000000000000E+0000, 0.00000000000000E+0000,Fuzzy match
APCL_L4003.F,1447,APCL_L5587,1447,1434,13, 0.00000000000000E+0000, 0.00000000000000E+0000,Fuzzy match
APCL_L4006.F,1447,APCL_L4409,1447,1423,24, 0.00000000000000E+0000, 0.00000000000000E+0000,Fuzzy match
APCL_L4007.F,1447,APCL_L5073.F,1447,1413,34, 0.00000000000000E+0000, 0.00000000000000E+0000,Fuzzy match
APCL_L4009.F,1447,APCL_L5641,1447,1427,20, 0.00000000000000E+0000, 0.00000000000000E+0000,Fuzzy match
APCL_L4020.F,1447,APCL_L4464,1447,1424,23, 0.00000000000000E+0000, 0.00000000000000E+0000,Fuzzy match
APCL_L4021.F,1447,APCL_L4460,1447,1432,15, 0.00000000000000E+0000, 0.00000000000000E+0000,Fuzzy match
APCL_L4022.F,1445,APCL_L4463,1447,1414,31, 0.00000000000000E+0000, 0.00000000000000E+0000,Fuzzy match
APCL_L4023.F,1447,APCL_L5612,1447,1423,24, 0.00000000000000E+0000, 0.00000000000000E+0000,Fuzzy match
APCL_L4024.F,1445,APCL_L4470,1447,1431,14, 0.00000000000000E+0000, 0.00000000000000E+0000,Fuzzy match
APCL_L4026.F,1439,APCL_L5447.F,1439,1428,11, 0.00000000000000E+0000, 0.00000000000000E+0000,Fuzzy match
APCL_L4034.F,1447,APCL_L5610,1447,1421,26, 0.00000000000000E+0000, 0.00000000000000E+0000,Fuzzy match
APCL_L4053.F,1447,APCL_L4482,1447,1431,16, 0.00000000000000E+0000, 0.00000000000000E+0000,Fuzzy match
APCL_L4060.F,1447,APCL_L5035.F,1447,1422,25, 0.00000000000000E+0000, 0.00000000000000E+0000,Fuzzy match
APCL_L4073.F,1447,APCL_L4439,1447,1426,21, 0.00000000000000E+0000, 0.00000000000000E+0000,Fuzzy match
APCL_L4085.F,1447,APCL_L4458,1447,1427,20, 0.00000000000000E+0000, 0.00000000000000E+0000,Fuzzy match
APCL_L4086.F,1447,APCL_L4452,1447,1435,12, 0.00000000000000E+0000, 0.00000000000000E+0000,Fuzzy match
APCL_L4104.F,1434,APCL_L5432.F,1447,1412,22, 0.00000000000000E+0000, 0.00000000000000E+0000,Fuzzy match
APCL_L4108.F,1437,APCL_L5436.F,1447,1421,16, 0.00000000000000E+0000, 0.00000000000000E+0000,Fuzzy match
APCL_L4116.F,1447,APCL_L5480,1447,1396,51, 0.00000000000000E+0000, 0.00000000000000E+0000,Fuzzy match
APCL_L4119.F,1447,APCL_L5253.F,1447,1422,25, 0.00000000000000E+0000, 0.00000000000000E+0000,Fuzzy match
APCL_L4431,1447,APCL_L5051.F,1447,1420,27, 0.00000000000000E+0000, 0.00000000000000E+0000,Fuzzy match
APCL_L4433,1447,APCL_L5048.F,1447,1428,19, 0.00000000000000E+0000, 0.00000000000000E+0000,Fuzzy match
APCL_L4435,1447,APCL_L5457.F,1447,1440,7, 0.00000000000000E+0000, 0.00000000000000E+0000,Fuzzy match
APCL_L4438,1447,APCL_L5043.F,1447,1428,19, 0.00000000000000E+0000, 0.00000000000000E+0000,Fuzzy match
APCL_L4438,1447,APCL_L5368.F,1447,1435,12, 0.00000000000000E+0000, 0.00000000000000E+0000,Fuzzy match
APCL_L4468,1447,APCL_L5442.F,1447,1430,17, 0.00000000000000E+0000, 0.00000000000000E+0000,Fuzzy match
APCL_L4957.F,1401,APCL_L5005.F,1447,1364,37, 0.00000000000000E+0000, 0.00000000000000E+0000,Fuzzy match
APCL_L4964.F,1309,APCL_L5012.F,1447,1271,38, 0.00000000000000E+0000, 0.00000000000000E+0000,Fuzzy match
APCL_L4978.F,1277,APCL_L5026.F,1447,1249,28, 0.00000000000000E+0000, 0.00000000000000E+0000,Fuzzy match
APCL_L5043.F,1447,APCL_L5368.F,1447,1416,31, 0.00000000000000E+0000, 0.00000000000000E+0000,Fuzzy match
APCL_L5233.F,1447,APCL_L5579,1447,1434,13, 0.00000000000000E+0000, 0.00000000000000E+0000,Fuzzy match
APCL_L5235.F,1447,APCL_L5578,1447,1431,16, 0.00000000000000E+0000, 0.00000000000000E+0000,Fuzzy match
APCL_L5288.F,1447,APCL_L5464,1447,1417,30, 0.00000000000000E+0000, 0.00000000000000E+0000,Fuzzy match
APCL_L5375.F,1447,APCL_L5503,1447,1408,39, 0.00000000000000E+0000, 0.00000000000000E+0000,Fuzzy match
APCL_L5378.F,1447,APCL_L5567,1447,1429,18, 0.00000000000000E+0000, 0.00000000000000E+0000,Fuzzy match
APCL_L5386.F,1444,APCL_L5488,1447,1400,44, 0.00000000000000E+0000, 0.00000000000000E+0000,Fuzzy match
APCL_L5390.F,1447,APCL_L5565,1447,1411,36, 0.00000000000000E+0000, 0.00000000000000E+0000,Fuzzy match
APCL_L5414.F,1442,APCL_L5495,1447,1394,48, 0.00000000000000E+0000, 0.00000000000000E+0000,Fuzzy match
APCL_L5424.F,1447,APCL_L5497,1447,1397,50, 0.00000000000000E+0000, 0.00000000000000E+0000,Fuzzy match
APCL_L5437.F,1447,APCL_L5556,1447,1417,30, 0.00000000000000E+0000, 0.00000000000000E+0000,Fuzzy match
APCL_L5491,1447,APCL_L5618,1447,1427,20, 0.00000000000000E+0000, 0.00000000000000E+0000,Fuzzy match
